{"buildingId": "building_1", "components": {"walls": [{"id": "wall_1", "vertices": [{"x": 0, "y": 0, "z": 0}, {"x": 10, "y": 0, "z": 0}, {"x": 10, "y": 0, "z": 15}, {"x": 0, "y": 0, "z": 15}]}, {"id": "wall_2", "vertices": [{"x": 10, "y": 0, "z": 0}, {"x": 10, "y": 10, "z": 0}, {"x": 10, "y": 10, "z": 15}, {"x": 10, "y": 0, "z": 15}]}, {"id": "wall_3", "vertices": [{"x": 10, "y": 10, "z": 0}, {"x": 0, "y": 10, "z": 0}, {"x": 0, "y": 10, "z": 15}, {"x": 10, "y": 10, "z": 15}]}, {"id": "wall_4", "vertices": [{"x": 0, "y": 10, "z": 0}, {"x": 0, "y": 0, "z": 0}, {"x": 0, "y": 0, "z": 15}, {"x": 0, "y": 10, "z": 15}]}], "floors": [{"id": "floor_1", "vertices": [{"x": 0, "y": 0, "z": 0}, {"x": 10, "y": 0, "z": 0}, {"x": 10, "y": 10, "z": 0}, {"x": 0, "y": 10, "z": 0}]}, {"id": "floor_2", "vertices": [{"x": 0, "y": 0, "z": 3}, {"x": 10, "y": 0, "z": 3}, {"x": 10, "y": 10, "z": 3}, {"x": 0, "y": 10, "z": 3}]}, {"id": "floor_3", "vertices": [{"x": 0, "y": 0, "z": 6}, {"x": 10, "y": 0, "z": 6}, {"x": 10, "y": 10, "z": 6}, {"x": 0, "y": 10, "z": 6}]}, {"id": "floor_4", "vertices": [{"x": 0, "y": 0, "z": 9}, {"x": 10, "y": 0, "z": 9}, {"x": 10, "y": 10, "z": 9}, {"x": 0, "y": 10, "z": 9}]}, {"id": "floor_5", "vertices": [{"x": 0, "y": 0, "z": 12}, {"x": 10, "y": 0, "z": 12}, {"x": 10, "y": 10, "z": 12}, {"x": 0, "y": 10, "z": 12}]}, {"id": "floor_6", "vertices": [{"x": 0, "y": 0, "z": 15}, {"x": 10, "y": 0, "z": 15}, {"x": 10, "y": 10, "z": 15}, {"x": 0, "y": 10, "z": 15}]}], "openings": [{"id": "opening_1", "type": "window", "vertices": [{"x": 1, "y": 0, "z": 1}, {"x": 3, "y": 0, "z": 1}, {"x": 3, "y": 0, "z": 2}, {"x": 1, "y": 0, "z": 2}]}, {"id": "opening_2", "type": "window", "vertices": [{"x": 4, "y": 0, "z": 1}, {"x": 6, "y": 0, "z": 1}, {"x": 6, "y": 0, "z": 2}, {"x": 4, "y": 0, "z": 2}]}, {"id": "opening_3", "type": "window", "vertices": [{"x": 7, "y": 0, "z": 1}, {"x": 9, "y": 0, "z": 1}, {"x": 9, "y": 0, "z": 2}, {"x": 7, "y": 0, "z": 2}]}, {"id": "opening_4", "type": "window", "vertices": [{"x": 1, "y": 0, "z": 4}, {"x": 3, "y": 0, "z": 4}, {"x": 3, "y": 0, "z": 5}, {"x": 1, "y": 0, "z": 5}]}, {"id": "opening_5", "type": "window", "vertices": [{"x": 4, "y": 0, "z": 4}, {"x": 6, "y": 0, "z": 4}, {"x": 6, "y": 0, "z": 5}, {"x": 4, "y": 0, "z": 5}]}, {"id": "opening_6", "type": "window", "vertices": [{"x": 7, "y": 0, "z": 4}, {"x": 9, "y": 0, "z": 4}, {"x": 9, "y": 0, "z": 5}, {"x": 7, "y": 0, "z": 5}]}, {"id": "opening_7", "type": "window", "vertices": [{"x": 1, "y": 0, "z": 7}, {"x": 3, "y": 0, "z": 7}, {"x": 3, "y": 0, "z": 8}, {"x": 1, "y": 0, "z": 8}]}, {"id": "opening_8", "type": "window", "vertices": [{"x": 4, "y": 0, "z": 7}, {"x": 6, "y": 0, "z": 7}, {"x": 6, "y": 0, "z": 8}, {"x": 4, "y": 0, "z": 8}]}, {"id": "opening_9", "type": "window", "vertices": [{"x": 7, "y": 0, "z": 7}, {"x": 9, "y": 0, "z": 7}, {"x": 9, "y": 0, "z": 8}, {"x": 7, "y": 0, "z": 8}]}, {"id": "opening_10", "type": "window", "vertices": [{"x": 1, "y": 0, "z": 10}, {"x": 3, "y": 0, "z": 10}, {"x": 3, "y": 0, "z": 11}, {"x": 1, "y": 0, "z": 11}]}, {"id": "opening_11", "type": "window", "vertices": [{"x": 4, "y": 0, "z": 10}, {"x": 6, "y": 0, "z": 10}, {"x": 6, "y": 0, "z": 11}, {"x": 4, "y": 0, "z": 11}]}, {"id": "opening_12", "type": "window", "vertices": [{"x": 7, "y": 0, "z": 10}, {"x": 9, "y": 0, "z": 10}, {"x": 9, "y": 0, "z": 11}, {"x": 7, "y": 0, "z": 11}]}, {"id": "opening_13", "type": "window", "vertices": [{"x": 1, "y": 0, "z": 13}, {"x": 3, "y": 0, "z": 13}, {"x": 3, "y": 0, "z": 14}, {"x": 1, "y": 0, "z": 14}]}, {"id": "opening_14", "type": "window", "vertices": [{"x": 4, "y": 0, "z": 13}, {"x": 6, "y": 0, "z": 13}, {"x": 6, "y": 0, "z": 14}, {"x": 4, "y": 0, "z": 14}]}, {"id": "opening_15", "type": "window", "vertices": [{"x": 7, "y": 0, "z": 13}, {"x": 9, "y": 0, "z": 13}, {"x": 9, "y": 0, "z": 14}, {"x": 7, "y": 0, "z": 14}]}], "columns": [], "beams": []}, "units": "meters"}